<?xml version="1.0" encoding="UTF-8" ?>
<!DOCTYPE mapper
  PUBLIC "-//mybatis.org//DTD Mapper 3.0//EN"
  "http://mybatis.org/dtd/mybatis-3-mapper.dtd">
<mapper namespace="dao.AccountMapper">

	<insert id="insertMember" parameterType="Aco"> 
		INSERT INTO 
			account
		VALUES(
			account_num.nextval,
			#{name},
			#{person_Num},
			#{phone_Num},
			#{password},
			0
		)
	</insert>
	
	<delete id="deleteMember" parameterType="String">
		DELETE FROM 
			account
		WHERE 
			person_num = #{person_num}
	</delete>
	
	<select id="listMember" resultType = "Aco">
		SELECT 
			*
		FROM
			account
		ORDER BY
			num
	</select>
	
	<select id="searchMember" parameterType="String" resultType = "Aco">
		SELECT
			*
		FROM
			account
		WHERE
			person_num = #{person_num}
	</select>
	
	<select id="memberLogin" parameterType="Aco">
		SELECT
			*
		FROM
			account
		WHERE
			person_num = #{person_num} 
		AND password = #{password}
	</select>
	<update id="updateMember" parameterType="Aco">
		UPDATE
			account
		SET
			name = #{name},
			person_Num = #{person_Num},
			phone_Num = #{phone_Num}
		WHERE
			num = #{num}
	</update>
</mapper>