<?xml version="1.0" encoding="UTF-8" ?>
<!DOCTYPE configuration
  PUBLIC "-//mybatis.org//DTD Config 3.0//EN"
  "http://mybatis.org/dtd/mybatis-3-config.dtd">
<configuration>

	<properties resource = "db.properties" />
	
	<typeAliases>
		<typeAlias type="vo.Account" alias="Aco"/> <!-- 기억,,하시길,,-->
		<typeAlias type="vo.Title" alias="Title"/> <!--  별칭 만들기 -->
		<typeAlias type="vo.RentList" alias="Rent"/>
		<typeAlias type="vo.Admin" alias="Admin"/>
	</typeAliases>
	
	<environments default="development">
		<environment id="development">
			<transactionManager type="JDBC" />
			<dataSource type="POOLED">
				<property name="driver" value="${driver}" />
				<property name="url" value="${url}" />
				<property name="username" value="${username}" />
				<property name="password" value="${password}" />
			</dataSource>
		</environment>
	</environments>
	
	<mappers>
		<mapper resource="accountMapper.xml" /> <!-- 매퍼파일 지정! -->
		<mapper resource="titleMapper.xml"/>
		<mapper resource="rentMapper.xml"/>
		<mapper resource="adminMapper.xml"/>
	</mappers>
	
</configuration>