<?xml version="1.0" encoding="UTF-8" ?>
<!DOCTYPE mapper
  PUBLIC "-//mybatis.org//DTD Mapper 3.0//EN"
  "http://mybatis.org/dtd/mybatis-3-mapper.dtd">
<mapper namespace="dao.RentMapper">

	<select id="rentableList" parameterType="Title" resultType = "Title">
		SELECT
			*
		FROM
			admin_title
		
		WHERE
		<if test="col==1">
			title_name like '%'||#{word}||'%' 
		</if>
	 	
	 	<if test="col==2">
	 		title_genre like '%'||#{word}||'%' 
	 	</if>
	 	
	 	<if test="col==3">
	 		title_date = #{word}
	 	</if>
	 	AND 
	 		rent_stat = 1
	</select>
	
	
	<select id="notrentableList" resultType="Title">
		SELECT
			*
		FROM
			admin_title
		WHERE
			rent_stat = 0
	</select>
	
	
	<insert id="rentTitle" parameterType="Rent">
		INSERT INTO 
			rentlist(
			rent_num,
			aco_num,
			titlenum,
			rentday
			)
		VALUES(
			rentlist_seq.nextval,
			#{aco_num},
			#{titlenum},
			SYSDATE
			)
	</insert>
	
	
	<update id="rentTitle2" parameterType="int">
		UPDATE
			admin_title
		SET
			rent_stat = 0
		WHERE
			title_num = #{n}
	</update>
	
	
	<select id="personNumToacoNum" parameterType = "String" resultType="int">
		SELECT
			NUM
		FROM
			Account
		WHERE
			Person_num = #{loginpersonNum}
	</select>
	
	
	<select id="rentList" parameterType = "int" resultType="Title">
		SELECT 
			*
		FROM
			admin_title
		WHERE
			title_num IN (SELECT titlenum
							FROM rentList
							WHERE aco_num = #{n})
	</select>
	
	
	<delete id="returnTitle" parameterType ="int">
		DELETE FROM
			rentlist
		WHERE
			titlenum = #{n}
	</delete>
	
	
	<update id="returnTitle2" parameterType="int">
		UPDATE
			admin_title
		SET
			rent_stat = 1
		WHERE
			title_num = #{n}
	</update>
	
	<select id="getReturnDate" parameterType="int" resultType="String">
		SELECT
			rentday+7
		FROM
			rentlist
		WHERE 
			titlenum = #{n}
	</select>
	
	<update id="plusReturnDate" parameterType="int">
		UPDATE
			rentlist
		SET
			rentday = rentday +7
		WHERE
			titlenum = #{n}
	</update>
</mapper>