<?xml version="1.0" encoding="UTF-8"?>
<!DOCTYPE mapper
  PUBLIC "-//mybatis.org//DTD Mapper 3.0//EN"
  "http://mybatis.org/dtd/mybatis-3-mapper.dtd">
<mapper namespace="dao.TitleMapper">
	<insert id="insertTitle" parameterType="Title">
		INSERT INTO
		admin_title
		VALUES(
		Admin_title_seq.nextval,
		#{title_name},
		#{title_genre},
		#{title_date},
		#{rent_stat}
		)
	</insert>

	<delete id="deleteTitle" parameterType="int">
		DELETE FROM
		Admin_Title
		WHERE
		title_num = #{title_num}
	</delete>

	<select id="listTitle" resultType="Title">
		SELECT
			*
		FROM
			admin_title
		ORDER BY
			title_num
	</select>

	<select id="searchTitle" parameterType="map"
		resultType="Title">
		select
		*
		from
		admin_title

		where
		<if test="col==1">
			title_name like '%'||#{word}||'%'
		</if>

		<if test="col==2">
			title_genre like '%'||#{word}||'%'
		</if>

		<if test="col==3">
			title_date = #{word}

		</if>
	</select>

	<update id="updateTitle" parameterType="Title">
		UPDATE
		admin_title
		SET
		title_name = #{title_name},
		title_genre = #{title_genre},
		title_date = #{title_date}
		WHERE
		title_num = #{title_num}
	</update>
</mapper>